<?xml version="1.0" encoding="utf-8"?>
<install type="module" version="1.5.0">
	<name>JoomD Search</name>
	<author>Danish Babu</author>
	<creationDate>December 2011</creationDate>
	<copyright>Copyright (C) 2011 joomla6teen.com. All Rights Reserved.</copyright>
	<license>http://www.gnu.org/licenses/gpl-2.0.html GNU/GPL</license>
	<authorEmail>danish@joomla6teen.com</authorEmail>
	<authorUrl>http://www.joomla6teen.com</authorUrl>
	<version>1.0.0</version>
	<description>Display the Search Form</description>
	<languages>
              <language tag="en-GB">languages/en-GB.mod_joomd_search.ini</language>
    </languages>
	<files>
		<filename module="mod_joomd_search">mod_joomd_search.php</filename>
		<filename>index.html</filename>
		<filename>helper.php</filename>
		<filename>tmpl/index.html</filename>
		<filename>tmpl/default.php</filename>
	</files>
	
	<params>
        <param name="typeid" type="sql" query="select id, name from #__joomd_types where published = 1 order by id asc" key_field="id" value_field="name" 
default="1" label="Select Type" description="Select Type you want to search in">
        </param>
		<param type="radio" name="cat" label="Display Category" default="1" description="Check yes if you want to display the category field.">
			<option value="1">Yes</option>
			<option value="0">No</option>
		</param>

		<param name="moduleclass_sfx" type="text" default="" label="Module Class Suffix" description="PARAMMODULECLASSSUFFIX" />
	</params>

<config>
	<fields name="params">
		<fieldset name="basic">
			<field name="typeid" type="sql" query="select id, name from #__joomd_types where published = 1 order by id asc" key_field="id" value_field="name" 
default="1" label="Select Type" description="Select Type you want to search in">
			</field>
			<field type="radio" name="cat" label="Display Category" default="1" description="Check yes if you want to display the category field.">
				<option value="1">Yes</option>
				<option value="0">No</option>
			</field>
		</fieldset>
		<fieldset name="advanced">
			<field name="layout" type="modulelayout" label="JFIELD_ALT_LAYOUT_LABEL" description="JFIELD_ALT_MODULE_LAYOUT_DESC" />
			<field name="moduleclass_sfx" type="text" label="COM_MODULES_FIELD_MODULECLASS_SFX_LABEL" description="COM_MODULES_FIELD_MODULECLASS_SFX_DESC" />
			<field name="cache" type="list" default="0" label="COM_MODULES_FIELD_CACHING_LABEL" description="COM_MODULES_FIELD_CACHING_DESC">
				<option value="0">COM_MODULES_FIELD_VALUE_NOCACHING</option>
			</field>
		</fieldset>
	</fields>
</config>
	
</install>
